"Campaign name","Campaign ID","Ad set name","Ad set ID","Ad name","Ad ID",Day,"Impression device","Device platform","Conversion device",Platform,Placement,"Delivery status","Delivery level",Reach,Impressions,Frequency,"Attribution setting","Result type",Results,"Amount spent (USD)","Video ID","Image name","Video name","Website URL",call_to_action_type,headline,Description,"Link clicks","CPC (cost per link click)","CPM (cost per 1,000 impressions)","CTR (all)","Result rate",Views,"Clicks (all)","CPC (all)","Purchases rate per link clicks","Landing page views rate per link clicks","Result value type","Results value","Result value type","Results ROAS","Cost per 1,000 Meta Accounts reached","Ad Delivery","Video average play time","Video plays at 25%","Video plays at 50%","Video plays at 75%","Video plays at 95%","Video plays at 100%","Page engagement","Facebook likes","Instagram follows","Post comments","Post engagements","Post reactions","Post saves","Post shares",ThruPlays,"Video plays","3-second video plays","Unique link clicks","Outbound clicks","Unique outbound clicks","Unique CTR (link click-through rate)","Outbound CTR (click-through rate)","Unique outbound CTR (click-through rate)","Unique clicks (all)","Unique CTR (all)","Instagram profile visits","Cost per outbound click","Cost per unique link click","Cost per unique outbound click","Adds of payment info","Adds to cart","Cost per add to cart","Adds to cart conversion value","Checkouts initiated","Cost per checkout initiated","Checkouts initiated conversion value",Purchases,"Cost per purchase","Purchase ROAS (return on ad spend)","Purchases conversion value","Cost per result","Cost per post engagement","Cost per Page engagement","Cost per like","Cost per 3-second video play","Cost per ThruPlay","Results rate per link clicks","Purchases rate per landing page views","CTR (link click-through rate)","Ad recall lift rate","Cost per unique click (all)","Average purchases conversion value","Website subscriptions conversion value","Cost per add of payment info",Viewers,"Ad set delivery","Campaign Delivery","Cost per ad recall lift","Ad recall lift","Reporting starts","Reporting ends"
ECAS_MST,120248368491680327,C1,120248368491700327,C1C,120248368491690327,2026-07-20,iphone,mobile_app,iphone,instagram,"Instagram Stories",inactive,ad,,,,"7-day click, 1-day view, or 1-day engaged-view",,,,0,C1C_4x5.png,,https://eastcoastartstudio.com/collections/best-sellers,SHOP_NOW,"Made To Order, Framed Right","Made to order. Real wood.",1,,,,,,,,,,,,,,,inactive,,,,,,,1,,,,1,,,,,,,,,,,,,,,,,,,,,,,,,,,,,,,,,,,,,,,,,,,,,active,active,,,2026-07-20,2026-07-20
ECAS_MST,120248368491680327,C4,120248369515900327,C4C,120248369515860327,2026-07-20,ipad,mobile_app,ipad,facebook,Feed,active,ad,,,,"7-day click, 1-day view, or 1-day engaged-view",,,,0,C4C_4x5.png,,https://eastcoastartstudio.com/collections/best-sellers,SHOP_NOW,"Made To Order, Framed Right","Made to order. Real wood.",2,,,,,,,,,,,,,,,active,,,,,,,2,,,,2,,,,,,,,2,2,,,,,,,,,,,,,,,,,,,,,,,,,,,,,,,,,,,,active,active,,,2026-07-20,2026-07-20
ECAS_MST,120248368491680327,C4,120248369515900327,C4C,120248369515860327,2026-07-20,iphone,mobile_app,iphone,facebook,Feed,active,ad,,,,"7-day click, 1-day view, or 1-day engaged-view",,,,0,C4C_4x5.png,,https://eastcoastartstudio.com/collections/best-sellers,SHOP_NOW,"Made To Order, Framed Right","Made to order. Real wood.",5,,,,,,,,,,,,,,,active,,,,,,,6,,,,6,,,1,,,,,5,5,,,,,,,,,,,,,,,,,,,,,,,,,,,,,,,,,,,,active,active,,,2026-07-20,2026-07-20
ECAS_MST,120248368491680327,C4,120248369515900327,C4C,120248369515860327,2026-07-20,android_smartphone,mobile_app,android_smartphone,instagram,"Instagram Stories",active,ad,,,,"7-day click, 1-day view, or 1-day engaged-view",,,,0,C4C_4x5.png,,https://eastcoastartstudio.com/collections/best-sellers,SHOP_NOW,"Made To Order, Framed Right","Made to order. Real wood.",1,,,,,,,,,,,,,,,active,,,,,,,1,,,,1,,,,,,,,1,1,,,,,,,,,,,,,,,,,,,,,,,,,,,,,,,,,,,,active,active,,,2026-07-20,2026-07-20
ECAS_MST,120248368491680327,C4,120248369515900327,C4C,120248369515860327,2026-07-20,android_smartphone,mobile_app,android_smartphone,instagram,Feed,active,ad,,,,"7-day click, 1-day view, or 1-day engaged-view",,,,0,C4C_4x5.png,,https://eastcoastartstudio.com/collections/best-sellers,SHOP_NOW,"Made To Order, Framed Right","Made to order. Real wood.",2,,,,,,,,,,,,,,,active,,,,,,,2,,,,2,,,,,,,,2,2,,,,,,,,,,,,,,,,,,,,,,,,,,,,,,,,,,,,active,active,,,2026-07-20,2026-07-20
ECAS_MST,120248368491680327,C4,120248369515900327,C4C,120248369515860327,2026-07-20,android_smartphone,mobile_app,android_smartphone,facebook,Feed,active,ad,,,,"7-day click, 1-day view, or 1-day engaged-view",,,,0,C4C_4x5.png,,https://eastcoastartstudio.com/collections/best-sellers,SHOP_NOW,"Made To Order, Framed Right","Made to order. Real wood.",3,,,,,,,,,,,,,,,active,,,,,,,3,,,,3,,,,,,,,3,3,,,,,,,,,,,,,,,,,,,,,,,,,,,,,,,,,,,,active,active,,,2026-07-20,2026-07-20
ECAS_MST,120248368491680327,C4,120248369515900327,C4C,120248369515860327,2026-07-20,iphone,mobile_app,iphone,instagram,Feed,active,ad,,,,"7-day click, 1-day view, or 1-day engaged-view",,,,0,C4C_4x5.png,,https://eastcoastartstudio.com/collections/best-sellers,SHOP_NOW,"Made To Order, Framed Right","Made to order. Real wood.",2,,,,,,,,,,,,,,,active,,,,,,,2,,,,2,,,,,,,,2,2,,,,,,,,,,,,,,,,,,,,,,,,,,,,,,,,,,,,active,active,,,2026-07-20,2026-07-20
ECAS_MST,120248368491680327,C4,120248369515900327,C4C,120248369515860327,2026-07-20,iphone,mobile_app,iphone,instagram,"Instagram Stories",active,ad,,,,"7-day click, 1-day view, or 1-day engaged-view",,,,0,C4C_4x5.png,,https://eastcoastartstudio.com/collections/best-sellers,SHOP_NOW,"Made To Order, Framed Right","Made to order. Real wood.",1,,,,,,,,,,,,,,,active,,,,,,,1,,,,1,,,,,,,,1,1,,,,,,,,,,,,,,,,,,,,,,,,,,,,,,,,,,,,active,active,,,2026-07-20,2026-07-20
ECAS_MST,120248368491680327,C4,120248369515900327,C4C,120248369515860327,2026-07-20,desktop,desktop,desktop,instagram,Feed,active,ad,,,,"7-day click, 1-day view, or 1-day engaged-view",,,,0,C4C_4x5.png,,https://eastcoastartstudio.com/collections/best-sellers,SHOP_NOW,"Made To Order, Framed Right","Made to order. Real wood.",1,,,,,,,,,,,,,,,active,,,,,,,1,,,,1,,,,,,,,1,1,,,,,,,,,,,,,,,,,,,,,,,,,,,,,,,,,,,,active,active,,,2026-07-20,2026-07-20
ECAS_MST,120248368491680327,C4,120248369515900327,C4C,120248369515860327,2026-07-20,desktop,desktop,desktop,facebook,Feed,active,ad,,,,"7-day click, 1-day view, or 1-day engaged-view",,,,0,C4C_4x5.png,,https://eastcoastartstudio.com/collections/best-sellers,SHOP_NOW,"Made To Order, Framed Right","Made to order. Real wood.",2,,,,,,,,,,,,,,,active,,,,,,,2,,,,2,,,,,,,,2,2,,,,,,,,,,,,,,,,,,,,,,,,,,,,,,,,,,,,active,active,,,2026-07-20,2026-07-20
ECAS_MST,120248368491680327,C2,120248368953480327,C2D,120248368953460327,2026-07-20,android_smartphone,mobile_app,android_smartphone,instagram,"Instagram Reels",active,ad,,,,"7-day click, 1-day view, or 1-day engaged-view",,,,0,C2D_CN_ICP_Milestone2534_CN_Design_RoomContext_CTA_ClaimOffer_HK_Story_TN_Rational_FW_StoryBrand.png,,https://eastcoastartstudio.com/collections/best-sellers,SHOP_NOW,"Made For The New Place","Made to order. Real wood.",1,,,,,,,,,,,,,,,active,,,,,,,1,,,,1,,,,,,,,1,1,,,,,,,,,,,,,,,,,,,,,,,,,,,,,,,,,,,,active,active,,,2026-07-20,2026-07-20
ECAS_MST,120248368491680327,C4,120248369515900327,c4A,120248369515870327,2026-07-20,iphone,mobile_app,iphone,instagram,"Instagram Reels",inactive,ad,,,,"7-day click, 1-day view, or 1-day engaged-view",,,,0,C4D_CN_ICP_MemoryKeeperCouple_CN_Design_MultiPrintGallery_CTA_ClaimOffer_HK_Problem_TN_Aspir.png_105,,https://eastcoastartstudio.com/collections/best-sellers,SHOP_NOW,"Every City, One Wall","Made to order. Real wood.",5,,,,,,,,,,,,,,,inactive,,,,,,,5,,,,5,,,,,,,,5,5,,,,,,,,,,,,,,,,,,,,,,,,,,,,,,,,,,,,active,active,,,2026-07-20,2026-07-20
ECAS_MST,120248368491680327,C4,120248369515900327,c4A,120248369515870327,2026-07-20,iphone,mobile_app,iphone,instagram,"Instagram Stories",inactive,ad,,,,"7-day click, 1-day view, or 1-day engaged-view",,,,0,C4D_CN_ICP_MemoryKeeperCouple_CN_Design_MultiPrintGallery_CTA_ClaimOffer_HK_Problem_TN_Aspir.png_105,,https://eastcoastartstudio.com/collections/best-sellers,SHOP_NOW,"Every City, One Wall","Made to order. Real wood.",16,,,,,,,,,,,,,,,inactive,,,,,,,16,,,,16,,,,,,,,16,16,,,,,,,,,,,,,,,,,,,,,,,,,,,,,,,,,,,,active,active,,,2026-07-20,2026-07-20
ECAS_MST,120248368491680327,C4,120248369515900327,c4A,120248369515870327,2026-07-20,ipad,mobile_app,ipad,instagram,"Instagram Stories",inactive,ad,,,,"7-day click, 1-day view, or 1-day engaged-view",,,,0,C4D_CN_ICP_MemoryKeeperCouple_CN_Design_MultiPrintGallery_CTA_ClaimOffer_HK_Problem_TN_Aspir.png_105,,https://eastcoastartstudio.com/collections/best-sellers,SHOP_NOW,"Every City, One Wall","Made to order. Real wood.",1,,,,,,,,,,,,,,,inactive,,,,,,,1,,,,1,,,,,,,,1,1,,,,,,,,,,,,,,,,,,,,,,,,,,,,,,,,,,,,active,active,,,2026-07-20,2026-07-20
ECAS_MST,120248368491680327,C4,120248369515900327,c4A,120248369515870327,2026-07-20,iphone,mobile_app,iphone,instagram,Feed,inactive,ad,,,,"7-day click, 1-day view, or 1-day engaged-view",,,,0,C4D_CN_ICP_MemoryKeeperCouple_CN_Design_MultiPrintGallery_CTA_ClaimOffer_HK_Problem_TN_Aspir.png_105,,https://eastcoastartstudio.com/collections/best-sellers,SHOP_NOW,"Every City, One Wall","Made to order. Real wood.",1,,,,,,,,,,,,,,,inactive,,,,,,,1,,,,1,,,,,,,,1,1,,,,,,,,,,,,,,,,,,,,,,,,,,,,,,,,,,,,active,active,,,2026-07-20,2026-07-20
ECAS_MST,120248368491680327,C2,120248368953480327,C2D,120248368953460327,2026-07-19,iphone,mobile_app,iphone,instagram,"Instagram Reels",active,ad,,,,"7-day click, 1-day view, or 1-day engaged-view",,,,0,C2D_CN_ICP_Milestone2534_CN_Design_RoomContext_CTA_ClaimOffer_HK_Story_TN_Rational_FW_StoryBrand.png,,https://eastcoastartstudio.com/collections/best-sellers,SHOP_NOW,"Made For The New Place","Made to order. Real wood.",,,,,,,,,,,,,,,,active,,,,,,,1,,,,1,,1,,,,,,,,,,,,,,,,,,,,,,,,,,,,,,,,,,,,,,,,,,,active,active,,,2026-07-19,2026-07-19
ECAS_MST,120248368491680327,C4,120248369515900327,C4C,120248369515860327,2026-07-19,ipad,mobile_app,ipad,facebook,Feed,active,ad,,,,"7-day click, 1-day view, or 1-day engaged-view",,,,0,C4C_4x5.png,,https://eastcoastartstudio.com/collections/best-sellers,SHOP_NOW,"Made To Order, Framed Right","Made to order. Real wood.",2,,,,,,,,,,,,,,,active,,,,,,,2,,,,2,,,,,,,,2,2,,,,,,,,,,,,,,,,,,,,,,,,,,,,,,,,,,,,active,active,,,2026-07-19,2026-07-19
ECAS_MST,120248368491680327,C4,120248369515900327,C4C,120248369515860327,2026-07-19,android_smartphone,mobile_app,android_smartphone,facebook,Feed,active,ad,,,,"7-day click, 1-day view, or 1-day engaged-view",,,,0,C4C_4x5.png,,https://eastcoastartstudio.com/collections/best-sellers,SHOP_NOW,"Made To Order, Framed Right","Made to order. Real wood.",3,,,,,,,,,,,,,,,active,,,,,,,3,,,,3,,,,,,,,2,2,,,,,,,,,,,,,,,,,,,,,,,,,,,,,,,,,,,,active,active,,,2026-07-19,2026-07-19
ECAS_MST,120248368491680327,C4,120248369515900327,C4C,120248369515860327,2026-07-19,iphone,mobile_app,iphone,instagram,Feed,active,ad,,,,"7-day click, 1-day view, or 1-day engaged-view",,,,0,C4C_4x5.png,,https://eastcoastartstudio.com/collections/best-sellers,SHOP_NOW,"Made To Order, Framed Right","Made to order. Real wood.",3,,,,,,,,,,,,,,,active,,,,,,,3,,,,3,,,,,,,,3,3,,,,,,,,,,,,,,,,,,,,,,,,,,,,,,,,,,,,active,active,,,2026-07-19,2026-07-19
ECAS_MST,120248368491680327,C4,120248369515900327,C4C,120248369515860327,2026-07-19,iphone,mobile_app,iphone,facebook,Feed,active,ad,,,,"7-day click, 1-day view, or 1-day engaged-view",,,,0,C4C_4x5.png,,https://eastcoastartstudio.com/collections/best-sellers,SHOP_NOW,"Made To Order, Framed Right","Made to order. Real wood.",10,,,,,,,,,,,,,,,active,,,,,,,11,,,,11,1,,,,,,,6,5,,,,,,,,,,,,,,,,,,,,,,,,,,,,,,,,,,,,active,active,,,2026-07-19,2026-07-19
ECAS_MST,120248368491680327,C4,120248369515900327,C4C,120248369515860327,2026-07-19,iphone,mobile_app,iphone,instagram,"Instagram Stories",active,ad,,,,"7-day click, 1-day view, or 1-day engaged-view",,,,0,C4C_4x5.png,,https://eastcoastartstudio.com/collections/best-sellers,SHOP_NOW,"Made To Order, Framed Right","Made to order. Real wood.",2,,,,,,,,,,,,,,,active,,,,,,,2,,,,2,,,,,,,,2,2,,,,,,,,,,,,,,,,,,,,,,,,,,,,,,,,,,,,active,active,,,2026-07-19,2026-07-19
ECAS_MST,120248368491680327,C4,120248369515900327,C4C,120248369515860327,2026-07-19,android_smartphone,mobile_app,android_smartphone,instagram,"Instagram Reels",active,ad,,,,"7-day click, 1-day view, or 1-day engaged-view",,,,0,C4C_4x5.png,,https://eastcoastartstudio.com/collections/best-sellers,SHOP_NOW,"Made To Order, Framed Right","Made to order. Real wood.",1,,,,,,,,,,,,,,,active,,,,,,,1,,,,1,,,,,,,,1,1,,,,,,,,,,,,,,,,,,,,,,,,,,,,,,,,,,,,active,active,,,2026-07-19,2026-07-19
ECAS_MST,120248368491680327,C4,120248369515900327,C4C,120248369515860327,2026-07-19,ipad,mobile_app,ipad,instagram,Feed,active,ad,,,,"7-day click, 1-day view, or 1-day engaged-view",,,,0,C4C_4x5.png,,https://eastcoastartstudio.com/collections/best-sellers,SHOP_NOW,"Made To Order, Framed Right","Made to order. Real wood.",1,,,,,,,,,,,,,,,active,,,,,,,1,,,,1,,,,,,,,,,,,,,,,,,,,,,,,,,,,,,,,,,,,,,,,,,,,,active,active,,,2026-07-19,2026-07-19
ECAS_MST,120248368491680327,C2,120248368953480327,C2D,120248368953460327,2026-07-19,iphone,mobile_app,iphone,instagram,Feed,active,ad,,,,"7-day click, 1-day view, or 1-day engaged-view",,,,0,C2D_CN_ICP_Milestone2534_CN_Design_RoomContext_CTA_ClaimOffer_HK_Story_TN_Rational_FW_StoryBrand.png,,https://eastcoastartstudio.com/collections/best-sellers,SHOP_NOW,"Made For The New Place","Made to order. Real wood.",6,,,,,,,,,,,,,,,active,,,,,,,6,,,,6,,,,,,,,5,3,,,,,,,,,,,,,,,,,,,,,,,,,,,,,,,,,,,,active,active,,,2026-07-19,2026-07-19
ECAS_MST,120248368491680327,C2,120248368953480327,C2D,120248368953460327,2026-07-19,iphone,mobile_app,iphone,facebook,Feed,active,ad,,,,"7-day click, 1-day view, or 1-day engaged-view",,,,0,C2D_CN_ICP_Milestone2534_CN_Design_RoomContext_CTA_ClaimOffer_HK_Story_TN_Rational_FW_StoryBrand.png,,https://eastcoastartstudio.com/collections/best-sellers,SHOP_NOW,"Made For The New Place","Made to order. Real wood.",4,,,,,,,,,,,,,,,active,,,,,,,4,,,,4,,,,,,,,4,4,,,,,,,,,,,,,,,,,,,,,,,,,,,,,,,,,,,,active,active,,,2026-07-19,2026-07-19
ECAS_MST,120248368491680327,C1,120248368491700327,C1D,120248368756150327,2026-07-19,iphone,mobile_app,iphone,facebook,Feed,active,ad,,,,"7-day click, 1-day view, or 1-day engaged-view",,,,0,C1D_CN_ICP_GiftGiver45_CN_Design_SinglePrintLifestyle_CTA_ClaimOffer_HK_Benefit_TN_Rational_.png_105,,https://eastcoastartstudio.com/collections/best-sellers,SHOP_NOW,"Made To Order, Framed Right","Made to order. Real wood.",,,,,,,,,,,,,,,,active,,,,,,,1,,,,1,1,,,,,,,,,,,,,,,,,,,,,,,,,,,,,,,,,,,,,,,,,,,,active,active,,,2026-07-19,2026-07-19
ECAS_MST,120248368491680327,C1,120248368491700327,C1C,120248368491690327,2026-07-19,desktop,desktop,desktop,instagram,Feed,inactive,ad,,,,"7-day click, 1-day view, or 1-day engaged-view",,,,0,C1C_4x5.png,,https://eastcoastartstudio.com/collections/best-sellers,SHOP_NOW,"Made To Order, Framed Right","Made to order. Real wood.",1,,,,,,,,,,,,,,,inactive,,,,,,,1,,,,1,,,,,,,,1,1,,,,,,,,,,,,,,,,,,,,,,,,,,,,,,,,,,,,active,active,,,2026-07-19,2026-07-19
ECAS_MST,120248368491680327,C4,120248369515900327,c4A,120248369515870327,2026-07-19,iphone,mobile_app,iphone,instagram,"Instagram Stories",inactive,ad,,,,"7-day click, 1-day view, or 1-day engaged-view",,,,0,C4D_CN_ICP_MemoryKeeperCouple_CN_Design_MultiPrintGallery_CTA_ClaimOffer_HK_Problem_TN_Aspir.png_105,,https://eastcoastartstudio.com/collections/best-sellers,SHOP_NOW,"Every City, One Wall","Made to order. Real wood.",2,,,,,,,,,,,,,,,inactive,,,,,,,2,,,,2,,,,,,,,2,2,,,,,,,,,,,,,,,,,,,,,,,,,,,,,,,,,,,,active,active,,,2026-07-19,2026-07-19
ECAS_MST,120248368491680327,C1,120248368491700327,C1C,120248368491690327,2026-07-19,iphone,mobile_web,iphone,facebook,Feed,inactive,ad,,,,"7-day click, 1-day view, or 1-day engaged-view",,,,0,C1C_4x5.png,,https://eastcoastartstudio.com/collections/best-sellers,SHOP_NOW,"Made To Order, Framed Right","Made to order. Real wood.",1,,,,,,,,,,,,,,,inactive,,,,,,,1,,,,1,,,,,,,,1,1,,,,,,,,,,,,,,,,,,,,,,,,,,,,,,,,,,,,active,active,,,2026-07-19,2026-07-19
ECAS_MST,120248368491680327,C1,120248368491700327,C1C,120248368491690327,2026-07-19,android_smartphone,mobile_app,android_smartphone,instagram,Feed,inactive,ad,,,,"7-day click, 1-day view, or 1-day engaged-view",,,,0,C1C_4x5.png,,https://eastcoastartstudio.com/collections/best-sellers,SHOP_NOW,"Made To Order, Framed Right","Made to order. Real wood.",3,,,,,,,,,,,,,,,inactive,,,,,,,5,,,,5,1,1,,,,,,3,2,,,,,,,,,,,,,,,,,,,,,,,,,,,,,,,,,,,,active,active,,,2026-07-19,2026-07-19
ECAS_MST,120248368491680327,C1,120248368491700327,C1C,120248368491690327,2026-07-19,iphone,mobile_app,iphone,facebook,Feed,inactive,ad,,,,"7-day click, 1-day view, or 1-day engaged-view",,,,0,C1C_4x5.png,,https://eastcoastartstudio.com/collections/best-sellers,SHOP_NOW,"Made To Order, Framed Right","Made to order. Real wood.",6,,,,,,,,,,,,,,,inactive,,,,,,,6,,,,6,,,,,,,,6,4,,,,,,,,,,,,,,,,,,,,,,,,,,,,,,,,,,,,active,active,,,2026-07-19,2026-07-19
ECAS_MST,120248368491680327,C1,120248368491700327,C1C,120248368491690327,2026-07-19,desktop,desktop,desktop,facebook,Feed,inactive,ad,,,,"7-day click, 1-day view, or 1-day engaged-view",,,,0,C1C_4x5.png,,https://eastcoastartstudio.com/collections/best-sellers,SHOP_NOW,"Made To Order, Framed Right","Made to order. Real wood.",1,,,,,,,,,,,,,,,inactive,,,,,,,1,,,,1,,,,,,,,1,1,,,,,,,,,,,,,,,,,,,,,,,,,,,,,,,,,,,,active,active,,,2026-07-19,2026-07-19
ECAS_MST,120248368491680327,C1,120248368491700327,C1C,120248368491690327,2026-07-19,iphone,mobile_app,iphone,facebook,"Ads on Facebook Reels",inactive,ad,,,,"7-day click, 1-day view, or 1-day engaged-view",,,,0,C1C_4x5.png,,https://eastcoastartstudio.com/collections/best-sellers,SHOP_NOW,"Made To Order, Framed Right","Made to order. Real wood.",1,,,,,,,,,,,,,,,inactive,,,,,,,1,,,,1,,,,,,,,1,1,,,,,,,,,,,,,,,,,,,,,,,,,,,,,,,,,,,,active,active,,,2026-07-19,2026-07-19
ECAS_MST,120248368491680327,C1,120248368491700327,C1C,120248368491690327,2026-07-19,iphone,mobile_app,iphone,instagram,Feed,inactive,ad,,,,"7-day click, 1-day view, or 1-day engaged-view",,,,0,C1C_4x5.png,,https://eastcoastartstudio.com/collections/best-sellers,SHOP_NOW,"Made To Order, Framed Right","Made to order. Real wood.",2,,,,,,,,,,,,,,,inactive,,,,,,,5,,,,5,1,1,1,,,,,1,1,,,,,,,,,,,,,,,,,,,,,,,,,,,,,,,,,,,,active,active,,,2026-07-19,2026-07-19
ECAS_MST,120248368491680327,C1,120248368491700327,C1C,120248368491690327,2026-07-19,ipad,mobile_app,ipad,facebook,Feed,inactive,ad,,,,"7-day click, 1-day view, or 1-day engaged-view",,,,0,C1C_4x5.png,,https://eastcoastartstudio.com/collections/best-sellers,SHOP_NOW,"Made To Order, Framed Right","Made to order. Real wood.",,,,,,,,,,,,,,,,inactive,,,,,,,1,,,,1,1,,,,,,,,,,,,,,,,,,,,,,,,,,,,,,,,,,,,,,,,,,,,active,active,,,2026-07-19,2026-07-19
ECAS_MST,120248368491680327,C2,120248368953480327,C2D,120248368953460327,2026-07-18,iphone,mobile_web,iphone,facebook,Feed,active,ad,,,,"7-day click, 1-day view, or 1-day engaged-view",,,,0,C2D_CN_ICP_Milestone2534_CN_Design_RoomContext_CTA_ClaimOffer_HK_Story_TN_Rational_FW_StoryBrand.png,,https://eastcoastartstudio.com/collections/best-sellers,SHOP_NOW,"Made For The New Place","Made to order. Real wood.",1,,,,,,,,,,,,,,,active,,,,,,,1,,,,1,,,,,,,,1,1,,,,,,,,,,,,,,,,,,,,,,,,,,,,,,,,,,,,active,active,,,2026-07-18,2026-07-18
ECAS_MST,120248368491680327,C4,120248369515900327,C4C,120248369515860327,2026-07-18,desktop,desktop,desktop,facebook,Feed,active,ad,,,,"7-day click, 1-day view, or 1-day engaged-view",,,,0,C4C_4x5.png,,https://eastcoastartstudio.com/collections/best-sellers,SHOP_NOW,"Made To Order, Framed Right","Made to order. Real wood.",,,,,,,,,,,,,,,,active,,,,,,,1,,,,1,1,,,,,,,,,,,,,,,,,,,,,,,,,,,,,,,,,,,,,,,,,,,,active,active,,,2026-07-18,2026-07-18
ECAS_MST,120248368491680327,C4,120248369515900327,C4C,120248369515860327,2026-07-18,iphone,mobile_app,iphone,facebook,"Search results",active,ad,,,,"7-day click, 1-day view, or 1-day engaged-view",,,,0,C4C_4x5.png,,https://eastcoastartstudio.com/collections/best-sellers,SHOP_NOW,"Made To Order, Framed Right","Made to order. Real wood.",1,,,,,,,,,,,,,,,active,,,,,,,1,,,,1,,,,,,,,1,1,,,,,,,,,,,,,,,,,,,,,,,,,,,,,,,,,,,,active,active,,,2026-07-18,2026-07-18
ECAS_MST,120248368491680327,C4,120248369515900327,C4C,120248369515860327,2026-07-18,iphone,mobile_app,iphone,instagram,"Instagram Stories",active,ad,,,,"7-day click, 1-day view, or 1-day engaged-view",,,,0,C4C_4x5.png,,https://eastcoastartstudio.com/collections/best-sellers,SHOP_NOW,"Made To Order, Framed Right","Made to order. Real wood.",2,,,,,,,,,,,,,,,active,,,,,,,2,,,,2,,,,,,,,2,2,,,,,,,,,,,,,,,,,,,,,,,,,,,,,,,,,,,,active,active,,,2026-07-18,2026-07-18
ECAS_MST,120248368491680327,C4,120248369515900327,C4C,120248369515860327,2026-07-18,iphone,mobile_app,iphone,facebook,Feed,active,ad,,,,"7-day click, 1-day view, or 1-day engaged-view",,,,0,C4C_4x5.png,,https://eastcoastartstudio.com/collections/best-sellers,SHOP_NOW,"Made To Order, Framed Right","Made to order. Real wood.",5,,,,,,,,,,,,,,,active,,,,,,,5,,,,5,,,,,,,,5,5,,,,,,,,,,,,,,,,,,,,,,,,,,,,,,,,,,,,active,active,,,2026-07-18,2026-07-18
ECAS_MST,120248368491680327,C4,120248369515900327,C4C,120248369515860327,2026-07-18,iphone,mobile_app,iphone,instagram,Feed,active,ad,,,,"7-day click, 1-day view, or 1-day engaged-view",,,,0,C4C_4x5.png,,https://eastcoastartstudio.com/collections/best-sellers,SHOP_NOW,"Made To Order, Framed Right","Made to order. Real wood.",9,,,,,,,,,,,,,,,active,,,,,,,9,,,,9,,,,,,,,6,6,,,,,,,,,,,,,,,,,,,,,,,,,,,,,,,,,,,,active,active,,,2026-07-18,2026-07-18
ECAS_MST,120248368491680327,C4,120248369515900327,C4C,120248369515860327,2026-07-18,iphone,mobile_app,iphone,facebook,"Facebook Reels",active,ad,,,,"7-day click, 1-day view, or 1-day engaged-view",,,,0,C4C_4x5.png,,https://eastcoastartstudio.com/collections/best-sellers,SHOP_NOW,"Made To Order, Framed Right","Made to order. Real wood.",1,,,,,,,,,,,,,,,active,,,,,,,1,,,,1,,,,,,,,1,1,,,,,,,,,,,,,,,,,,,,,,,,,,,,,,,,,,,,active,active,,,2026-07-18,2026-07-18
ECAS_MST,120248368491680327,C4,120248369515900327,C4C,120248369515860327,2026-07-18,android_smartphone,mobile_web,android_smartphone,facebook,Feed,active,ad,,,,"7-day click, 1-day view, or 1-day engaged-view",,,,0,C4C_4x5.png,,https://eastcoastartstudio.com/collections/best-sellers,SHOP_NOW,"Made To Order, Framed Right","Made to order. Real wood.",1,,,,,,,,,,,,,,,active,,,,,,,1,,,,1,,,,,,,,1,1,,,,,,,,,,,,,,,,,,,,,,,,,,,,,,,,,,,,active,active,,,2026-07-18,2026-07-18
ECAS_MST,120248368491680327,C1,120248368491700327,C1C,120248368491690327,2026-07-18,iphone,mobile_app,iphone,instagram,"Instagram Reels",inactive,ad,,,,"7-day click, 1-day view, or 1-day engaged-view",,,,0,C1C_4x5.png,,https://eastcoastartstudio.com/collections/best-sellers,SHOP_NOW,"Made To Order, Framed Right","Made to order. Real wood.",4,,,,,,,,,,,,,,,inactive,,,,,,,4,,,,4,,,,,,,,4,4,,,,,,,,,,,,,,,,,,,,,,,,,,,,,,,,,,,,active,active,,,2026-07-18,2026-07-18
ECAS_MST,120248368491680327,C2,120248368953480327,C2D,120248368953460327,2026-07-18,iphone,mobile_app,iphone,instagram,"Instagram Stories",active,ad,,,,"7-day click, 1-day view, or 1-day engaged-view",,,,0,C2D_CN_ICP_Milestone2534_CN_Design_RoomContext_CTA_ClaimOffer_HK_Story_TN_Rational_FW_StoryBrand.png,,https://eastcoastartstudio.com/collections/best-sellers,SHOP_NOW,"Made For The New Place","Made to order. Real wood.",2,,,,,,,,,,,,,,,active,,,,,,,2,,,,2,,,,,,,,2,2,,,,,,,,,,,,,,,,,,,,,,,,,,,,,,,,,,,,active,active,,,2026-07-18,2026-07-18
ECAS_MST,120248368491680327,C1,120248368491700327,C1C,120248368491690327,2026-07-18,iphone,mobile_app,iphone,threads,"Threads feed",inactive,ad,,,,"7-day click, 1-day view, or 1-day engaged-view",,,,0,C1C_4x5.png,,https://eastcoastartstudio.com/collections/best-sellers,SHOP_NOW,"Made To Order, Framed Right","Made to order. Real wood.",1,,,,,,,,,,,,,,,inactive,,,,,,,1,,,,1,,,,,,,,1,1,,,,,,,,,,,,,,,,,,,,,,,,,,,,,,,,,,,,active,active,,,2026-07-18,2026-07-18
ECAS_MST,120248368491680327,C1,120248368491700327,C1C,120248368491690327,2026-07-18,iphone,mobile_app,iphone,instagram,Feed,inactive,ad,,,,"7-day click, 1-day view, or 1-day engaged-view",,,,0,C1C_4x5.png,,https://eastcoastartstudio.com/collections/best-sellers,SHOP_NOW,"Made To Order, Framed Right","Made to order. Real wood.",6,,,,,,,,,,,,,,,inactive,,,,,,,7,,,,7,1,,,,,,,6,6,,,,,,,,,,,,,,,,,,,,,,,,,,,,,,,,,,,,active,active,,,2026-07-18,2026-07-18
ECAS_MST,120248368491680327,C1,120248368491700327,C1C,120248368491690327,2026-07-18,android_smartphone,mobile_app,android_smartphone,facebook,Feed,inactive,ad,,,,"7-day click, 1-day view, or 1-day engaged-view",,,,0,C1C_4x5.png,,https://eastcoastartstudio.com/collections/best-sellers,SHOP_NOW,"Made To Order, Framed Right","Made to order. Real wood.",1,,,,,,,,,,,,,,,inactive,,,,,,,1,,,,1,,,,,,,,1,1,,,,,,,,,,,,,,,,,,,,,,,,,,,,,,,,,,,,active,active,,,2026-07-18,2026-07-18
ECAS_MST,120248368491680327,C1,120248368491700327,C1C,120248368491690327,2026-07-18,iphone,mobile_app,iphone,facebook,Feed,inactive,ad,,,,"7-day click, 1-day view, or 1-day engaged-view",,,,0,C1C_4x5.png,,https://eastcoastartstudio.com/collections/best-sellers,SHOP_NOW,"Made To Order, Framed Right","Made to order. Real wood.",2,,,,,,,,,,,,,,,inactive,,,,,,,2,,,,2,,,,,,,,1,1,,,,,,,,,,,,,,,,,,,,,,,,,,,,,,,,,,,,active,active,,,2026-07-18,2026-07-18
ECAS_MST,120248368491680327,C1,120248368491700327,C1C,120248368491690327,2026-07-18,android_smartphone,mobile_app,android_smartphone,facebook,"Facebook Reels",inactive,ad,,,,"7-day click, 1-day view, or 1-day engaged-view",,,,0,C1C_4x5.png,,https://eastcoastartstudio.com/collections/best-sellers,SHOP_NOW,"Made To Order, Framed Right","Made to order. Real wood.",1,,,,,,,,,,,,,,,inactive,,,,,,,1,,,,1,,,,,,,,,,,,,,,,,,,,,,,,,,,,,,,,,,,,,,,,,,,,,active,active,,,2026-07-18,2026-07-18
ECAS_MST,120248368491680327,C1,120248368491700327,C1C,120248368491690327,2026-07-18,iphone,mobile_app,iphone,instagram,"Instagram Stories",inactive,ad,,,,"7-day click, 1-day view, or 1-day engaged-view",,,,0,C1C_4x5.png,,https://eastcoastartstudio.com/collections/best-sellers,SHOP_NOW,"Made To Order, Framed Right","Made to order. Real wood.",1,,,,,,,,,,,,,,,inactive,,,,,,,1,,,,1,,,,,,,,1,1,,,,,,,,,,,,,,,,,,,,,,,,,,,,,,,,,,,,active,active,,,2026-07-18,2026-07-18
ECAS_MST,120248368491680327,C1,120248368491700327,C1C,120248368491690327,2026-07-17,iphone,mobile_app,iphone,instagram,"Instagram Stories",inactive,ad,,,,"7-day click, 1-day view, or 1-day engaged-view",,,,0,C1C_4x5.png,,https://eastcoastartstudio.com/collections/best-sellers,SHOP_NOW,"Made To Order, Framed Right","Made to order. Real wood.",2,,,,,,,,,,,,,,,inactive,,,,,,,2,,,,2,,,,,,,,2,2,,,,,,,,,,,,,,,,,,,,,,,,,,,,,,,,,,,,active,active,,,2026-07-17,2026-07-17
ECAS_MST,120248368491680327,C3,120248368953440327,C3D,120248368953470327,2026-07-17,iphone,mobile_app,iphone,facebook,Feed,inactive,ad,,,,"7-day click, 1-day view, or 1-day engaged-view",,,,0,C3D_4x5.png,,https://eastcoastartstudio.com/collections/best-sellers,SHOP_NOW,"3,000+ Cities, Real Wood","Made to order. Real wood.",1,,,,,,,,,,,,,,,inactive,,,,,,,1,,,,1,,,,,,,,1,1,,,,,,,,,,,,,,,,,,,,,,,,,,,,,,,,,,,,inactive,active,,,2026-07-17,2026-07-17
ECAS_MST,120248368491680327,C3,120248368953440327,C3D,120248368953470327,2026-07-17,android_smartphone,mobile_app,android_smartphone,instagram,Feed,inactive,ad,,,,"7-day click, 1-day view, or 1-day engaged-view",,,,0,C3D_4x5.png,,https://eastcoastartstudio.com/collections/best-sellers,SHOP_NOW,"3,000+ Cities, Real Wood","Made to order. Real wood.",2,,,,,,,,,,,,,,,inactive,,,,,,,3,,,,3,1,,,,,,,2,2,,,,,,,,,,,,,,,,,,,,,,,,,,,,,,,,,,,,inactive,active,,,2026-07-17,2026-07-17
ECAS_MST,120248368491680327,C3,120248368953440327,C3D,120248368953470327,2026-07-17,iphone,mobile_app,iphone,instagram,Feed,inactive,ad,,,,"7-day click, 1-day view, or 1-day engaged-view",,,,0,C3D_4x5.png,,https://eastcoastartstudio.com/collections/best-sellers,SHOP_NOW,"3,000+ Cities, Real Wood","Made to order. Real wood.",1,,,,,,,,,,,,,,,inactive,,,,,,,1,,,,1,,,,,,,,1,1,,,,,,,,,,,,,,,,,,,,,,,,,,,,,,,,,,,,inactive,active,,,2026-07-17,2026-07-17
ECAS_MST,120248368491680327,C1,120248368491700327,C1C,120248368491690327,2026-07-17,iphone,mobile_app,iphone,instagram,Feed,inactive,ad,,,,"7-day click, 1-day view, or 1-day engaged-view",,,,0,C1C_4x5.png,,https://eastcoastartstudio.com/collections/best-sellers,SHOP_NOW,"Made To Order, Framed Right","Made to order. Real wood.",3,,,,,,,,,,,,,,,inactive,,,,,,,4,,,,4,,1,,,,,,1,1,,,,,,,,,,,,,,,,,,,,,,,,,,,,,,,,,,,,active,active,,,2026-07-17,2026-07-17
ECAS_MST,120248368491680327,C1,120248368491700327,C1C,120248368491690327,2026-07-17,android_smartphone,mobile_app,android_smartphone,instagram,Feed,inactive,ad,,,,"7-day click, 1-day view, or 1-day engaged-view",,,,0,C1C_4x5.png,,https://eastcoastartstudio.com/collections/best-sellers,SHOP_NOW,"Made To Order, Framed Right","Made to order. Real wood.",4,,,,,,,,,,,,,,,inactive,,,,,,,5,,,,5,,1,,,,,,4,4,,,,,,,,,,,,,,,,,,,,,,,,,,,,,,,,,,,,active,active,,,2026-07-17,2026-07-17
ECAS_MST,120248368491680327,C4,120248369515900327,C4C,120248369515860327,2026-07-17,iphone,mobile_app,iphone,instagram,"Instagram Stories",active,ad,,,,"7-day click, 1-day view, or 1-day engaged-view",,,,0,C4C_4x5.png,,https://eastcoastartstudio.com/collections/best-sellers,SHOP_NOW,"Made To Order, Framed Right","Made to order. Real wood.",1,,,,,,,,,,,,,,,active,,,,,,,1,,,,1,,,,,,,,1,1,,,,,,,,,,,,,,,,,,,,,,,,,,,,,,,,,,,,active,active,,,2026-07-17,2026-07-17
ECAS_MST,120248368491680327,C2,120248368953480327,C2D,120248368953460327,2026-07-17,iphone,mobile_app,iphone,instagram,Feed,active,ad,,,,"7-day click, 1-day view, or 1-day engaged-view",,,,0,C2D_CN_ICP_Milestone2534_CN_Design_RoomContext_CTA_ClaimOffer_HK_Story_TN_Rational_FW_StoryBrand.png,,https://eastcoastartstudio.com/collections/best-sellers,SHOP_NOW,"Made For The New Place","Made to order. Real wood.",1,,,,,,,,,,,,,,,active,,,,,,,1,,,,1,,,,,,,,1,1,,,,,,,,,,,,,,,,,,,,,,,,,,,,,,,,,,,,active,active,,,2026-07-17,2026-07-17
ECAS_MST,120248368491680327,C4,120248369515900327,C4C,120248369515860327,2026-07-17,iphone,mobile_app,iphone,facebook,Feed,active,ad,,,,"7-day click, 1-day view, or 1-day engaged-view",,,,0,C4C_4x5.png,,https://eastcoastartstudio.com/collections/best-sellers,SHOP_NOW,"Made To Order, Framed Right","Made to order. Real wood.",,,,,,,,,,,,,,,,active,,,,,,,1,,,,1,1,,,,,,,,,,,,,,,,,,,,,,,,,,,,,,,,,,,,,,,,,,,,active,active,,,2026-07-17,2026-07-17
ECAS_MST,120248368491680327,C1,120248368491700327,C1C,120248368491690327,2026-07-17,desktop,desktop,desktop,facebook,Feed,inactive,ad,,,,"7-day click, 1-day view, or 1-day engaged-view",,,,0,C1C_4x5.png,,https://eastcoastartstudio.com/collections/best-sellers,SHOP_NOW,"Made To Order, Framed Right","Made to order. Real wood.",2,,,,,,,,,,,,,,,inactive,,,,,,,2,,,,2,,,,,,,,2,2,,,,,,,,,,,,,,,,,,,,,,,,,,,,,,,,,,,,active,active,,,2026-07-17,2026-07-17
ECAS_MST,120248368491680327,C4,120248369515900327,C4C,120248369515860327,2026-07-17,iphone,mobile_app,iphone,instagram,Feed,active,ad,,,,"7-day click, 1-day view, or 1-day engaged-view",,,,0,C4C_4x5.png,,https://eastcoastartstudio.com/collections/best-sellers,SHOP_NOW,"Made To Order, Framed Right","Made to order. Real wood.",2,,,,,,,,,,,,,,,active,,,,,,,2,,,,2,,,,,,,,1,1,,,,,,,,,,,,,,,,,,,,,,,,,,,,,,,,,,,,active,active,,,2026-07-17,2026-07-17
ECAS_MST,120248368491680327,C2,120248368953480327,C2B,120248369077860327,2026-07-17,iphone,mobile_app,iphone,facebook,Feed,inactive,ad,,,,"7-day click, 1-day view, or 1-day engaged-view",,,,0,C2B_CN_ICP_Milestone2534_CN_Design_RoomContext_PR_Testimonial_HK_Problem_TN_Rational_FW_BAB_.png_105,,https://eastcoastartstudio.com/collections/best-sellers,SHOP_NOW,"Made To Order, Framed Right","Made to order. Real wood.",1,,,,,,,,,,,,,,,inactive,,,,,,,1,,,,1,,,,,,,,1,1,,,,,,,,,,,,,,,,,,,,,,,,,,,,,,,,,,,,active,active,,,2026-07-17,2026-07-17
ECAS_MST,120248368491680327,C2,120248368953480327,C2D,120248368953460327,2026-07-17,iphone,mobile_app,iphone,facebook,Feed,active,ad,,,,"7-day click, 1-day view, or 1-day engaged-view",,,,0,C2D_CN_ICP_Milestone2534_CN_Design_RoomContext_CTA_ClaimOffer_HK_Story_TN_Rational_FW_StoryBrand.png,,https://eastcoastartstudio.com/collections/best-sellers,SHOP_NOW,"Made For The New Place","Made to order. Real wood.",,,,,,,,,,,,,,,,active,,,,,,,1,,,,1,1,,,,,,,,,,,,,,,,,,,,,,,,,,,,,,,,,,,,,,,,,,,,active,active,,,2026-07-17,2026-07-17
ECAS_MST,120248368491680327,C2,120248368953480327,C2D,120248368953460327,2026-07-17,iphone,mobile_app,0,facebook,Feed,active,ad,,,,"7-day click, 1-day view, or 1-day engaged-view",,,,0,C2D_CN_ICP_Milestone2534_CN_Design_RoomContext_CTA_ClaimOffer_HK_Story_TN_Rational_FW_StoryBrand.png,,https://eastcoastartstudio.com/collections/best-sellers,SHOP_NOW,"Made For The New Place","Made to order. Real wood.",,,,,,,,,,,,,,,,active,,,,,,,,,,,,,,,,,,,,,,,,,,,,,,1,1,,,,,,1,,,,,,,,,,,,,,,,,,,active,active,,,2026-07-17,2026-07-17
ECAS_MST,120248368491680327,C2,120248368953480327,C2D,120248368953460327,2026-07-17,android_smartphone,mobile_app,android_smartphone,instagram,Feed,active,ad,,,,"7-day click, 1-day view, or 1-day engaged-view",,,,0,C2D_CN_ICP_Milestone2534_CN_Design_RoomContext_CTA_ClaimOffer_HK_Story_TN_Rational_FW_StoryBrand.png,,https://eastcoastartstudio.com/collections/best-sellers,SHOP_NOW,"Made For The New Place","Made to order. Real wood.",1,,,,,,,,,,,,,,,active,,,,,,,1,,,,1,,,,,,,,1,1,,,,,,,,,,,,,,,,,,,,,,,,,,,,,,,,,,,,active,active,,,2026-07-17,2026-07-17
ECAS_MST,120248368491680327,C2,120248368953480327,C2D,120248368953460327,2026-07-17,desktop,desktop,desktop,facebook,"Right column",active,ad,,,,"7-day click, 1-day view, or 1-day engaged-view",,,,0,C2D_CN_ICP_Milestone2534_CN_Design_RoomContext_CTA_ClaimOffer_HK_Story_TN_Rational_FW_StoryBrand.png,,https://eastcoastartstudio.com/collections/best-sellers,SHOP_NOW,"Made For The New Place","Made to order. Real wood.",1,,,,,,,,,,,,,,,active,,,,,,,1,,,,1,,,,,,,,1,1,,,,,,,,,,,,,,,,,,,,,,,,,,,,,,,,,,,,active,active,,,2026-07-17,2026-07-17
ECAS_MST,120248368491680327,C4,120248369515900327,C4D,120248369515890327,2026-07-17,android_smartphone,mobile_app,android_smartphone,facebook,Feed,inactive,ad,,,,"7-day click, 1-day view, or 1-day engaged-view",,,,0,C4D_CN_ICP_MemoryKeeperCouple_CN_Design_MultiPrintGallery_CTA_ClaimOffer_HK_Problem_TN_Aspir.png_105,,https://eastcoastartstudio.com/collections/best-sellers,SHOP_NOW,"Made To Order, Framed Right","Made to order. Real wood.",1,,,,,,,,,,,,,,,inactive,,,,,,,1,,,,1,,,,,,,,1,1,,,,,,,,,,,,,,,,,,,,,,,,,,,,,,,,,,,,active,active,,,2026-07-17,2026-07-17
ECAS_MST,120248368491680327,C1,120248368491700327,C1C,120248368491690327,2026-07-17,iphone,mobile_app,iphone,facebook,"Facebook Reels",inactive,ad,,,,"7-day click, 1-day view, or 1-day engaged-view",,,,0,C1C_4x5.png,,https://eastcoastartstudio.com/collections/best-sellers,SHOP_NOW,"Made To Order, Framed Right","Made to order. Real wood.",2,,,,,,,,,,,,,,,inactive,,,,,,,2,,,,2,,,,,,,,2,1,,,,,,,,,,,,,,,,,,,,,,,,,,,,,,,,,,,,active,active,,,2026-07-17,2026-07-17
ECAS_MST,120248368491680327,C1,120248368491700327,C1C,120248368491690327,2026-07-17,android_smartphone,mobile_app,android_smartphone,instagram,"Instagram Stories",inactive,ad,,,,"7-day click, 1-day view, or 1-day engaged-view",,,,0,C1C_4x5.png,,https://eastcoastartstudio.com/collections/best-sellers,SHOP_NOW,"Made To Order, Framed Right","Made to order. Real wood.",2,,,,,,,,,,,,,,,inactive,,,,,,,2,,,,2,,,,,,,,2,2,,,,,,,,,,,,,,,,,,,,,,,,,,,,,,,,,,,,active,active,,,2026-07-17,2026-07-17
ECAS_MST,120248368491680327,C1,120248368491700327,C1C,120248368491690327,2026-07-17,iphone,mobile_app,iphone,facebook,Feed,inactive,ad,,,,"7-day click, 1-day view, or 1-day engaged-view",,,,0,C1C_4x5.png,,https://eastcoastartstudio.com/collections/best-sellers,SHOP_NOW,"Made To Order, Framed Right","Made to order. Real wood.",1,,,,,,,,,,,,,,,inactive,,,,,,,2,,,,2,1,,,,,,,1,1,,,,,,,,,,,,,,,,,,,,,,,,,,,,,,,,,,,,active,active,,,2026-07-17,2026-07-17
ECAS_MST,120248368491680327,C1,120248368491700327,C1C,120248368491690327,2026-07-17,desktop,desktop,desktop,facebook,"Right column",inactive,ad,,,,"7-day click, 1-day view, or 1-day engaged-view",,,,0,C1C_4x5.png,,https://eastcoastartstudio.com/collections/best-sellers,SHOP_NOW,"Made To Order, Framed Right","Made to order. Real wood.",1,,,,,,,,,,,,,,,inactive,,,,,,,1,,,,1,,,,,,,,1,1,,,,,,,,,,,,,,,,,,,,,,,,,,,,,,,,,,,,active,active,,,2026-07-17,2026-07-17
ECAS_MST,120248368491680327,C2,120248368953480327,C2D,120248368953460327,2026-07-16,ipad,mobile_app,ipad,instagram,Feed,active,ad,,,,"7-day click, 1-day view, or 1-day engaged-view",,,,0,C2D_CN_ICP_Milestone2534_CN_Design_RoomContext_CTA_ClaimOffer_HK_Story_TN_Rational_FW_StoryBrand.png,,https://eastcoastartstudio.com/collections/best-sellers,SHOP_NOW,"Made For The New Place","Made to order. Real wood.",1,,,,,,,,,,,,,,,active,,,,,,,1,,,,1,,,,,,,,1,1,,,,,,,,,,,,,,,,,,,,,,,,,,,,,,,,,,,,active,active,,,2026-07-16,2026-07-16
ECAS_MST,120248368491680327,C4,120248369515900327,C4B,120248369515880327,2026-07-16,iphone,mobile_app,iphone,instagram,Feed,inactive,ad,,,,"7-day click, 1-day view, or 1-day engaged-view",,,,0,C4B_CN_ICP_MemoryKeeperCouple_CN_Design_MultiPrintGallery_PR_Testimonial_HK_Story_TN_Aspirat.png_105,,https://eastcoastartstudio.com/collections/best-sellers,SHOP_NOW,"Made To Order, Framed Right","Made to order. Real wood.",,,,,,,,,,,,,,,,inactive,,,,,,,4,,,,4,1,1,,,,2,,,,,,,,,,,,,,,,,,,,,,,,,,,,,,,,,,,,,,,active,active,,,2026-07-16,2026-07-16
ECAS_MST,120248368491680327,C2,120248368953480327,C2D,120248368953460327,2026-07-16,iphone,mobile_app,iphone,threads,"Threads feed",active,ad,,,,"7-day click, 1-day view, or 1-day engaged-view",,,,0,C2D_CN_ICP_Milestone2534_CN_Design_RoomContext_CTA_ClaimOffer_HK_Story_TN_Rational_FW_StoryBrand.png,,https://eastcoastartstudio.com/collections/best-sellers,SHOP_NOW,"Made For The New Place","Made to order. Real wood.",2,,,,,,,,,,,,,,,active,,,,,,,2,,,,2,,,,,,,,2,2,,,,,,,,,,,,,,,,,,,,,,,,,,,,,,,,,,,,active,active,,,2026-07-16,2026-07-16
ECAS_MST,120248368491680327,C2,120248368953480327,C2D,120248368953460327,2026-07-16,iphone,mobile_app,iphone,instagram,Feed,active,ad,,,,"7-day click, 1-day view, or 1-day engaged-view",,,,0,C2D_CN_ICP_Milestone2534_CN_Design_RoomContext_CTA_ClaimOffer_HK_Story_TN_Rational_FW_StoryBrand.png,,https://eastcoastartstudio.com/collections/best-sellers,SHOP_NOW,"Made For The New Place","Made to order. Real wood.",5,,,,,,,,,,,,,,,active,,,,,,,5,,,,5,,,,,,,,5,5,,,,,,,,,,,,,,,,,,,,,,,,,,,,,,,,,,,,active,active,,,2026-07-16,2026-07-16
ECAS_MST,120248368491680327,C2,120248368953480327,C2D,120248368953460327,2026-07-16,iphone,mobile_app,iphone,instagram,"Instagram Reels",active,ad,,,,"7-day click, 1-day view, or 1-day engaged-view",,,,0,C2D_CN_ICP_Milestone2534_CN_Design_RoomContext_CTA_ClaimOffer_HK_Story_TN_Rational_FW_StoryBrand.png,,https://eastcoastartstudio.com/collections/best-sellers,SHOP_NOW,"Made For The New Place","Made to order. Real wood.",2,,,,,,,,,,,,,,,active,,,,,,,2,,,,2,,,,,,,,2,2,,,,,,,,,,,,,,,,,,,,,,,,,,,,,,,,,,,,active,active,,,2026-07-16,2026-07-16
ECAS_MST,120248368491680327,C3,120248368953440327,C3B,120248368953510327,2026-07-16,iphone,mobile_app,iphone,instagram,"Instagram Reels",inactive,ad,,,,"7-day click, 1-day view, or 1-day engaged-view",,,,0,"C3B v2.png_105",,https://eastcoastartstudio.com/collections/best-sellers,SHOP_NOW,"Made To Order, Framed Right","Made to order. Real wood.",1,,,,,,,,,,,,,,,inactive,,,,,,,1,,,,1,,,,,,,,1,1,,,,,,,,,,,,,,,,,,,,,,,,,,,,,,,,,,,,inactive,active,,,2026-07-16,2026-07-16
ECAS_MST,120248368491680327,C2,120248368953480327,C2D,120248368953460327,2026-07-16,iphone,mobile_app,iphone,facebook,Feed,active,ad,,,,"7-day click, 1-day view, or 1-day engaged-view",,,,0,C2D_CN_ICP_Milestone2534_CN_Design_RoomContext_CTA_ClaimOffer_HK_Story_TN_Rational_FW_StoryBrand.png,,https://eastcoastartstudio.com/collections/best-sellers,SHOP_NOW,"Made For The New Place","Made to order. Real wood.",1,,,,,,,,,,,,,,,active,,,,,,,1,,,,1,,,,,,,,1,1,,,,,,,,,,,,,,,,,,,,,,,,,,,,,,,,,,,,active,active,,,2026-07-16,2026-07-16
ECAS_MST,120248368491680327,C3,120248368953440327,C3A,120248368953500327,2026-07-16,iphone,mobile_app,iphone,threads,"Threads feed",inactive,ad,,,,"7-day click, 1-day view, or 1-day engaged-view",,,,0,C3A_CN_ICP_HometownSelf_CN_Design_CityDetail_TN_Assertive_HK_Curiosity_TN_Assertive_FW_AIDA_.png_105,,https://eastcoastartstudio.com/collections/best-sellers,SHOP_NOW,"Every City, One Wall","Made to order. Real wood.",1,,,,,,,,,,,,,,,inactive,,,,,,,1,,,,1,,,,,,,,1,1,,,,,,,,,,,,,,,,,,,,,,,,,,,,,,,,,,,,inactive,active,,,2026-07-16,2026-07-16
ECAS_MST,120248368491680327,C3,120248368953440327,C3A,120248368953500327,2026-07-16,iphone,mobile_app,iphone,facebook,Feed,inactive,ad,,,,"7-day click, 1-day view, or 1-day engaged-view",,,,0,C3A_CN_ICP_HometownSelf_CN_Design_CityDetail_TN_Assertive_HK_Curiosity_TN_Assertive_FW_AIDA_.png_105,,https://eastcoastartstudio.com/collections/best-sellers,SHOP_NOW,"Every City, One Wall","Made to order. Real wood.",1,,,,,,,,,,,,,,,inactive,,,,,,,2,,,,2,1,,,,,,,1,1,,,,,,,,,,,,,,,,,,,,,,,,,,,,,,,,,,,,inactive,active,,,2026-07-16,2026-07-16
ECAS_MST,120248368491680327,C3,120248368953440327,C3A,120248368953500327,2026-07-16,iphone,mobile_app,iphone,instagram,"Instagram Stories",inactive,ad,,,,"7-day click, 1-day view, or 1-day engaged-view",,,,0,C3A_CN_ICP_HometownSelf_CN_Design_CityDetail_TN_Assertive_HK_Curiosity_TN_Assertive_FW_AIDA_.png_105,,https://eastcoastartstudio.com/collections/best-sellers,SHOP_NOW,"Every City, One Wall","Made to order. Real wood.",1,,,,,,,,,,,,,,,inactive,,,,,,,1,,,,1,,,,,,,,1,1,,,,,,,,,,,,,,,,,,,,,,,,,,,,,,,,,,,,inactive,active,,,2026-07-16,2026-07-16
ECAS_MST,120248368491680327,C3,120248368953440327,C3A,120248368953500327,2026-07-16,iphone,mobile_app,iphone,instagram,Feed,inactive,ad,,,,"7-day click, 1-day view, or 1-day engaged-view",,,,0,C3A_CN_ICP_HometownSelf_CN_Design_CityDetail_TN_Assertive_HK_Curiosity_TN_Assertive_FW_AIDA_.png_105,,https://eastcoastartstudio.com/collections/best-sellers,SHOP_NOW,"Every City, One Wall","Made to order. Real wood.",3,,,,,,,,,,,,,,,inactive,,,,,,,3,,,,3,,,,,,,,3,3,,,,,,,,,,,,,,,,,,,,,,,,,,,,,,,,,,,,inactive,active,,,2026-07-16,2026-07-16
ECAS_MST,120248368491680327,C3,120248368953440327,C3A,120248368953500327,2026-07-16,iphone,mobile_app,iphone,instagram,"Instagram Reels",inactive,ad,,,,"7-day click, 1-day view, or 1-day engaged-view",,,,0,C3A_CN_ICP_HometownSelf_CN_Design_CityDetail_TN_Assertive_HK_Curiosity_TN_Assertive_FW_AIDA_.png_105,,https://eastcoastartstudio.com/collections/best-sellers,SHOP_NOW,"Every City, One Wall","Made to order. Real wood.",1,,,,,,,,,,,,,,,inactive,,,,,,,1,,,,1,,,,,,,,1,1,,,,,,,,,,,,,,,,,,,,,,,,,,,,,,,,,,,,inactive,active,,,2026-07-16,2026-07-16
ECAS_MST,120248368491680327,C3,120248368953440327,C3B,120248368953510327,2026-07-16,iphone,mobile_app,iphone,instagram,Feed,inactive,ad,,,,"7-day click, 1-day view, or 1-day engaged-view",,,,0,"C3B v2.png_105",,https://eastcoastartstudio.com/collections/best-sellers,SHOP_NOW,"Made To Order, Framed Right","Made to order. Real wood.",,,,,,,,,,,,,,,,inactive,,,,,,,1,,,,1,,,,,,1,,,,,,,,,,,,,,,,,,,,,,,,,,,,,,,,,,,,,,,inactive,active,,,2026-07-16,2026-07-16
ECAS_MST,120248368491680327,C1,120248368491700327,C1C,120248368491690327,2026-07-16,iphone,mobile_app,0,threads,"Threads feed",inactive,ad,,,,"7-day click, 1-day view, or 1-day engaged-view",,,,0,C1C_4x5.png,,https://eastcoastartstudio.com/collections/best-sellers,SHOP_NOW,"Made To Order, Framed Right","Made to order. Real wood.",,,,,,,,,,,,,,,,inactive,,,,,,,,,,,,,,,,,,,,,,,,,,,,,,,1,,,,,,,,,,,,,,,,,,,,,,,,,active,active,,,2026-07-16,2026-07-16
ECAS_MST,120248368491680327,C3,120248368953440327,C3B,120248368953510327,2026-07-16,iphone,mobile_app,iphone,facebook,"Facebook Stories",inactive,ad,,,,"7-day click, 1-day view, or 1-day engaged-view",,,,0,"C3B v2.png_105",,https://eastcoastartstudio.com/collections/best-sellers,SHOP_NOW,"Made To Order, Framed Right","Made to order. Real wood.",1,,,,,,,,,,,,,,,inactive,,,,,,,1,,,,1,,,,,,,,1,1,,,,,,,,,,,,,,,,,,,,,,,,,,,,,,,,,,,,inactive,active,,,2026-07-16,2026-07-16
ECAS_MST,120248368491680327,C3,120248368953440327,C3D,120248368953470327,2026-07-16,iphone,mobile_app,iphone,facebook,Feed,inactive,ad,,,,"7-day click, 1-day view, or 1-day engaged-view",,,,0,C3D_4x5.png,,https://eastcoastartstudio.com/collections/best-sellers,SHOP_NOW,"3,000+ Cities, Real Wood","Made to order. Real wood.",1,,,,,,,,,,,,,,,inactive,,,,,,,2,,,,2,1,,,,,,,1,1,,,,,,,,,,,,,,,,,,,,,,,,,,,,,,,,,,,,inactive,active,,,2026-07-16,2026-07-16
ECAS_MST,120248368491680327,C2,120248368953480327,C2A,120248368953490327,2026-07-16,iphone,mobile_app,iphone,instagram,Feed,inactive,ad,,,,"7-day click, 1-day view, or 1-day engaged-view",,,,0,C2A_CN_ICP_Milestone2534_CN_Design_RoomContext_TN_Assertive_HK_Story_TN_Assertive_FW_FAB_ST_TOFU.png,,https://eastcoastartstudio.com/collections/best-sellers,SHOP_NOW,"Made For The New Place","Made to order. Real wood.",1,,,,,,,,,,,,,,,inactive,,,,,,,1,,,,1,,,,,,,,,,,,,,,,,,,,,,,,,,,,,,,,,,,,,,,,,,,,,active,active,,,2026-07-16,2026-07-16
ECAS_MST,120248368491680327,C3,120248368953440327,C3B,120248368953510327,2026-07-16,iphone,mobile_app,iphone,instagram,"Instagram Stories",inactive,ad,,,,"7-day click, 1-day view, or 1-day engaged-view",,,,0,"C3B v2.png_105",,https://eastcoastartstudio.com/collections/best-sellers,SHOP_NOW,"Made To Order, Framed Right","Made to order. Real wood.",1,,,,,,,,,,,,,,,inactive,,,,,,,1,,,,1,,,,,,,,1,1,,,,,,,,,,,,,,,,,,,,,,,,,,,,,,,,,,,,inactive,active,,,2026-07-16,2026-07-16
ECAS_MST,120248368491680327,C3,120248368953440327,C3D,120248368953470327,2026-07-16,android_smartphone,mobile_app,android_smartphone,instagram,Feed,inactive,ad,,,,"7-day click, 1-day view, or 1-day engaged-view",,,,0,C3D_4x5.png,,https://eastcoastartstudio.com/collections/best-sellers,SHOP_NOW,"3,000+ Cities, Real Wood","Made to order. Real wood.",1,,,,,,,,,,,,,,,inactive,,,,,,,1,,,,1,,,,,,,,1,1,,,,,,,,,,,,,,,,,,,,,,,,,,,,,,,,,,,,inactive,active,,,2026-07-16,2026-07-16
ECAS_MST,120248368491680327,C3,120248368953440327,C3D,120248368953470327,2026-07-16,ipad,mobile_app,ipad,facebook,Feed,inactive,ad,,,,"7-day click, 1-day view, or 1-day engaged-view",,,,0,C3D_4x5.png,,https://eastcoastartstudio.com/collections/best-sellers,SHOP_NOW,"3,000+ Cities, Real Wood","Made to order. Real wood.",1,,,,,,,,,,,,,,,inactive,,,,,,,1,,,,1,,,,,,,,1,1,,,,,,,,,,,,,,,,,,,,,,,,,,,,,,,,,,,,inactive,active,,,2026-07-16,2026-07-16
ECAS_MST,120248368491680327,C2,120248368953480327,C2A,120248368953490327,2026-07-16,android_smartphone,mobile_app,android_smartphone,instagram,"Instagram Reels",inactive,ad,,,,"7-day click, 1-day view, or 1-day engaged-view",,,,0,C2A_CN_ICP_Milestone2534_CN_Design_RoomContext_TN_Assertive_HK_Story_TN_Assertive_FW_FAB_ST_TOFU.png,,https://eastcoastartstudio.com/collections/best-sellers,SHOP_NOW,"Made For The New Place","Made to order. Real wood.",1,,,,,,,,,,,,,,,inactive,,,,,,,1,,,,1,,,,,,,,1,1,,,,,,,,,,,,,,,,,,,,,,,,,,,,,,,,,,,,active,active,,,2026-07-16,2026-07-16
ECAS_MST,120248368491680327,C3,120248368953440327,C3C,120248368953450327,2026-07-16,iphone,mobile_app,iphone,instagram,"Instagram Stories",inactive,ad,,,,"7-day click, 1-day view, or 1-day engaged-view",,,,0,,,https://eastcoastartstudio.com/collections/best-sellers,SHOP_NOW,{{product.name}},,1,,,,,,,,,,,,,,,inactive,,,,,,,1,,,,1,,,,,,,,1,1,,,,,,,,,,,,,,,,,,,,,,,,,,,,,,,,,,,,inactive,active,,,2026-07-16,2026-07-16
ECAS_MST,120248368491680327,C3,120248368953440327,C3C,120248368953450327,2026-07-16,iphone,mobile_app,iphone,facebook,"Facebook Reels",inactive,ad,,,,"7-day click, 1-day view, or 1-day engaged-view",,,,0,,,https://eastcoastartstudio.com/collections/best-sellers,SHOP_NOW,{{product.name}},,1,,,,,,,,,,,,,,,inactive,,,,,,,1,,,,1,,,,,,,,,,,,,,,,,,,,,,,,,,,,,,,,,,,,,,,,,,,,,inactive,active,,,2026-07-16,2026-07-16
ECAS_MST,120248368491680327,C3,120248368953440327,C3C,120248368953450327,2026-07-16,iphone,mobile_app,iphone,instagram,Feed,inactive,ad,,,,"7-day click, 1-day view, or 1-day engaged-view",,,,0,,,https://eastcoastartstudio.com/collections/best-sellers,SHOP_NOW,{{product.name}},,1,,,,,,,,,,,,,,,inactive,,,,,,,1,,,,1,,,,,,,,1,1,,,,,,,,,,,,,,,,,,,,,,,,,,,,,,,,,,,,inactive,active,,,2026-07-16,2026-07-16
ECAS_MST,120248368491680327,C1,120248368491700327,C1C,120248368491690327,2026-07-16,desktop,desktop,desktop,facebook,Feed,inactive,ad,,,,"7-day click, 1-day view, or 1-day engaged-view",,,,0,C1C_4x5.png,,https://eastcoastartstudio.com/collections/best-sellers,SHOP_NOW,"Made To Order, Framed Right","Made to order. Real wood.",1,,,,,,,,,,,,,,,inactive,,,,,,,1,,,,1,,,,,,,,1,1,,,,,,,,,,,,,,,,,,,,,,,,,,,,,,,,,,,,active,active,,,2026-07-16,2026-07-16
ECAS_MST,120248368491680327,C1,120248368491700327,C1C,120248368491690327,2026-07-16,iphone,mobile_app,iphone,threads,"Threads feed",inactive,ad,,,,"7-day click, 1-day view, or 1-day engaged-view",,,,0,C1C_4x5.png,,https://eastcoastartstudio.com/collections/best-sellers,SHOP_NOW,"Made To Order, Framed Right","Made to order. Real wood.",2,,,,,,,,,,,,,,,inactive,,,,,,,2,,,,2,,,,,,,,2,1,,,,,,,,,,,,,,,,,,,,,,,,,,,,,,,,,,,,active,active,,,2026-07-16,2026-07-16
ECAS_MST,120248368491680327,C3,120248368953440327,C3C,120248368953450327,2026-07-15,iphone,mobile_app,iphone,instagram,"Instagram Stories",inactive,ad,,,,"7-day click, 1-day view, or 1-day engaged-view",,,,0,,,https://eastcoastartstudio.com/collections/best-sellers,SHOP_NOW,{{product.name}},,1,,,,,,,,,,,,,,,inactive,,,,,,,1,,,,1,,,,,,,,1,1,,,,,,,,,,,,,,,,,,,,,,,,,,,,,,,,,,,,inactive,active,,,2026-07-15,2026-07-15
ECAS_MST,120248368491680327,C4,120248369515900327,c4A,120248369515870327,2026-07-15,iphone,mobile_app,iphone,instagram,"Instagram Reels",inactive,ad,,,,"7-day click, 1-day view, or 1-day engaged-view",,,,0,C4D_CN_ICP_MemoryKeeperCouple_CN_Design_MultiPrintGallery_CTA_ClaimOffer_HK_Problem_TN_Aspir.png_105,,https://eastcoastartstudio.com/collections/best-sellers,SHOP_NOW,"Every City, One Wall","Made to order. Real wood.",,,,,,,,,,,,,,,,inactive,,,,,,,1,,,,1,1,,,,,,,,,,,,,,,,,,,,,,,,,,,,,,,,,,,,,,,,,,,,active,active,,,2026-07-15,2026-07-15
ECAS_MST,120248368491680327,C3,120248368953440327,C3B,120248368953510327,2026-07-15,iphone,mobile_app,iphone,instagram,"Instagram Stories",inactive,ad,,,,"7-day click, 1-day view, or 1-day engaged-view",,,,0,"C3B v2.png_105",,https://eastcoastartstudio.com/collections/best-sellers,SHOP_NOW,"Made To Order, Framed Right","Made to order. Real wood.",1,,,,,,,,,,,,,,,inactive,,,,,,,1,,,,1,,,,,,,,1,1,,,,,,,,,,,,,,,,,,,,,,,,,,,,,,,,,,,,inactive,active,,,2026-07-15,2026-07-15
ECAS_MST,120248368491680327,C2,120248368953480327,C2D,120248368953460327,2026-07-15,iphone,mobile_app,iphone,instagram,"Instagram Stories",active,ad,,,,"7-day click, 1-day view, or 1-day engaged-view",,,,0,C2D_CN_ICP_Milestone2534_CN_Design_RoomContext_CTA_ClaimOffer_HK_Story_TN_Rational_FW_StoryBrand.png,,https://eastcoastartstudio.com/collections/best-sellers,SHOP_NOW,"Made For The New Place","Made to order. Real wood.",1,,,,,,,,,,,,,,,active,,,,,,,1,,,,1,,,,,,,,1,1,,,,,,,,,,,,,,,,,,,,,,,,,,,,,,,,,,,,active,active,,,2026-07-15,2026-07-15
ECAS_MST,120248368491680327,C4,120248369515900327,C4C,120248369515860327,2026-07-15,iphone,mobile_app,iphone,instagram,Feed,active,ad,,,,"7-day click, 1-day view, or 1-day engaged-view",,,,0,C4C_4x5.png,,https://eastcoastartstudio.com/collections/best-sellers,SHOP_NOW,"Made To Order, Framed Right","Made to order. Real wood.",1,,,,,,,,,,,,,,,active,,,,,,,1,,,,1,,,,,,,,1,1,,,,,,,,,,,,,,,,,,,,,,,,,,,,,,,,,,,,active,active,,,2026-07-15,2026-07-15
ECAS_MST,120248368491680327,C3,120248368953440327,C3A,120248368953500327,2026-07-15,iphone,mobile_app,iphone,instagram,Feed,inactive,ad,,,,"7-day click, 1-day view, or 1-day engaged-view",,,,0,C3A_CN_ICP_HometownSelf_CN_Design_CityDetail_TN_Assertive_HK_Curiosity_TN_Assertive_FW_AIDA_.png_105,,https://eastcoastartstudio.com/collections/best-sellers,SHOP_NOW,"Every City, One Wall","Made to order. Real wood.",1,,,,,,,,,,,,,,,inactive,,,,,,,2,,,,2,1,,,,,,,1,1,,,,,,,,,,,,,,,,,,,,,,,,,,,,,,,,,,,,inactive,active,,,2026-07-15,2026-07-15
ECAS_MST,120248368491680327,C2,120248368953480327,C2D,120248368953460327,2026-07-14,iphone,mobile_app,iphone,instagram,"Instagram Stories",active,ad,,,,"7-day click, 1-day view, or 1-day engaged-view",,,,0,C2D_CN_ICP_Milestone2534_CN_Design_RoomContext_CTA_ClaimOffer_HK_Story_TN_Rational_FW_StoryBrand.png,,https://eastcoastartstudio.com/collections/best-sellers,SHOP_NOW,"Made For The New Place","Made to order. Real wood.",1,,,,,,,,,,,,,,,active,,,,,,,1,,,,1,,,,,,,,1,1,,,,,,,,,,,,,,,,,,,,,,,,,,,,,,,,,,,,active,active,,,2026-07-14,2026-07-14
ECAS_MST,120248368491680327,C3,120248368953440327,C3A,120248368953500327,2026-07-14,android_smartphone,mobile_app,android_smartphone,instagram,"Instagram Stories",inactive,ad,,,,"7-day click, 1-day view, or 1-day engaged-view",,,,0,C3A_CN_ICP_HometownSelf_CN_Design_CityDetail_TN_Assertive_HK_Curiosity_TN_Assertive_FW_AIDA_.png_105,,https://eastcoastartstudio.com/collections/best-sellers,SHOP_NOW,"Every City, One Wall","Made to order. Real wood.",1,,,,,,,,,,,,,,,inactive,,,,,,,1,,,,1,,,,,,,,1,1,,,,,,,,,,,,,,,,,,,,,,,,,,,,,,,,,,,,inactive,active,,,2026-07-14,2026-07-14
ECAS_MST,120248368491680327,C3,120248368953440327,C3A,120248368953500327,2026-07-14,iphone,mobile_app,iphone,instagram,Feed,inactive,ad,,,,"7-day click, 1-day view, or 1-day engaged-view",,,,0,C3A_CN_ICP_HometownSelf_CN_Design_CityDetail_TN_Assertive_HK_Curiosity_TN_Assertive_FW_AIDA_.png_105,,https://eastcoastartstudio.com/collections/best-sellers,SHOP_NOW,"Every City, One Wall","Made to order. Real wood.",4,,,,,,,,,,,,,,,inactive,,,,,,,4,,,,4,,,,,,,,4,4,,,,,,,,,,,,,,,,,,,,,,,,,,,,,,,,,,,,inactive,active,,,2026-07-14,2026-07-14
ECAS_MST,120248368491680327,C2,120248368953480327,C2D,120248368953460327,2026-07-14,iphone,mobile_app,iphone,instagram,Feed,active,ad,,,,"7-day click, 1-day view, or 1-day engaged-view",,,,0,C2D_CN_ICP_Milestone2534_CN_Design_RoomContext_CTA_ClaimOffer_HK_Story_TN_Rational_FW_StoryBrand.png,,https://eastcoastartstudio.com/collections/best-sellers,SHOP_NOW,"Made For The New Place","Made to order. Real wood.",3,,,,,,,,,,,,,,,active,,,,,,,4,,,,4,1,,,,,,,3,3,,,,,,,,,,,,,,,,,,,,,,,,,,,,,,,,,,,,active,active,,,2026-07-14,2026-07-14
ECAS_MST,120248368491680327,C3,120248368953440327,C3A,120248368953500327,2026-07-14,iphone,mobile_app,iphone,facebook,Feed,inactive,ad,,,,"7-day click, 1-day view, or 1-day engaged-view",,,,0,C3A_CN_ICP_HometownSelf_CN_Design_CityDetail_TN_Assertive_HK_Curiosity_TN_Assertive_FW_AIDA_.png_105,,https://eastcoastartstudio.com/collections/best-sellers,SHOP_NOW,"Every City, One Wall","Made to order. Real wood.",1,,,,,,,,,,,,,,,inactive,,,,,,,1,,,,1,,,,,,,,1,1,,,,,,,,,,,,,,,,,,,,,,,,,,,,,,,,,,,,inactive,active,,,2026-07-14,2026-07-14
ECAS_MST,120248368491680327,C4,120248369515900327,C4B,120248369515880327,2026-07-14,iphone,mobile_app,iphone,instagram,"Instagram Stories",inactive,ad,,,,"7-day click, 1-day view, or 1-day engaged-view",,,,0,C4B_CN_ICP_MemoryKeeperCouple_CN_Design_MultiPrintGallery_PR_Testimonial_HK_Story_TN_Aspirat.png_105,,https://eastcoastartstudio.com/collections/best-sellers,SHOP_NOW,"Made To Order, Framed Right","Made to order. Real wood.",1,,,,,,,,,,,,,,,inactive,,,,,,,1,,,,1,,,,,,,,1,1,,,,,,,,,,,,,,,,,,,,,,,,,,,,,,,,,,,,active,active,,,2026-07-14,2026-07-14
ECAS_MST,120248368491680327,C4,120248369515900327,C4B,120248369515880327,2026-07-14,iphone,mobile_app,iphone,instagram,Feed,inactive,ad,,,,"7-day click, 1-day view, or 1-day engaged-view",,,,0,C4B_CN_ICP_MemoryKeeperCouple_CN_Design_MultiPrintGallery_PR_Testimonial_HK_Story_TN_Aspirat.png_105,,https://eastcoastartstudio.com/collections/best-sellers,SHOP_NOW,"Made To Order, Framed Right","Made to order. Real wood.",2,,,,,,,,,,,,,,,inactive,,,,,,,4,,,,4,,,,,,2,,2,2,,,,,,,,,,,,,,,,,,,,,,,,,,,,,,,,,,,,active,active,,,2026-07-14,2026-07-14
ECAS_MST,120248368491680327,C4,120248369515900327,c4A,120248369515870327,2026-07-14,iphone,mobile_app,iphone,instagram,"Instagram Stories",inactive,ad,,,,"7-day click, 1-day view, or 1-day engaged-view",,,,0,C4D_CN_ICP_MemoryKeeperCouple_CN_Design_MultiPrintGallery_CTA_ClaimOffer_HK_Problem_TN_Aspir.png_105,,https://eastcoastartstudio.com/collections/best-sellers,SHOP_NOW,"Every City, One Wall","Made to order. Real wood.",2,,,,,,,,,,,,,,,inactive,,,,,,,2,,,,2,,,,,,,,2,2,,,,,,,,,,,,,,,,,,,,,,,,,,,,,,,,,,,,active,active,,,2026-07-14,2026-07-14
ECAS_MST,120248368491680327,C4,120248369515900327,c4A,120248369515870327,2026-07-14,android_smartphone,mobile_app,android_smartphone,instagram,"Instagram Stories",inactive,ad,,,,"7-day click, 1-day view, or 1-day engaged-view",,,,0,C4D_CN_ICP_MemoryKeeperCouple_CN_Design_MultiPrintGallery_CTA_ClaimOffer_HK_Problem_TN_Aspir.png_105,,https://eastcoastartstudio.com/collections/best-sellers,SHOP_NOW,"Every City, One Wall","Made to order. Real wood.",1,,,,,,,,,,,,,,,inactive,,,,,,,1,,,,1,,,,,,,,1,1,,,,,,,,,,,,,,,,,,,,,,,,,,,,,,,,,,,,active,active,,,2026-07-14,2026-07-14
ECAS_MST,120248368491680327,C3,120248368953440327,C3A,120248368953500327,2026-07-14,iphone,mobile_app,iphone,instagram,"Instagram Stories",inactive,ad,,,,"7-day click, 1-day view, or 1-day engaged-view",,,,0,C3A_CN_ICP_HometownSelf_CN_Design_CityDetail_TN_Assertive_HK_Curiosity_TN_Assertive_FW_AIDA_.png_105,,https://eastcoastartstudio.com/collections/best-sellers,SHOP_NOW,"Every City, One Wall","Made to order. Real wood.",1,,,,,,,,,,,,,,,inactive,,,,,,,1,,,,1,,,,,,,,1,1,,,,,,,,,,,,,,,,,,,,,,,,,,,,,,,,,,,,inactive,active,,,2026-07-14,2026-07-14
